{"br": {"wins": 102, "kills": 6656, "kdRatio": 1.547906976744186, "downs": 6927, "topTwentyFive": 1510, "topTen": 835, "contracts": 1736, "revives": 857, "topFive": 511, "score": 8242755, "timePlayed": 2262293, "gamesPlayed": 1993, "tokens": 0, "scorePerMinute": 218.61239901285998, "cash": 0, "deaths": 4300, "title": "br"}, "br_dmz": {"wins": 12, "kills": 1907, "kdRatio": 1.6257459505541347, "downs": 2106, "topTwentyFive": 12, "topTen": 12, "contracts": 207, "revives": 179, "topFive": 12, "score": 822770, "timePlayed": 241948, "gamesPlayed": 272, "tokens": 0, "scorePerMinute": 204.036404516673, "cash": 11022, "deaths": 1173, "title": "br_dmz"}, "br_all": {"wins": 114, "kills": 8563, "kdRatio": 1.5645898044947926, "downs": 9033, "topTwentyFive": 1522, "topTen": 847, "contracts": 1943, "revives": 1036, "topFive": 523, "score": 9065525, "timePlayed": 2504241, "gamesPlayed": 2265, "tokens": 0, "scorePerMinute": 217.20413490554623, "cash": 11022, "deaths": 5473, "title": "br_all"}}